id,type,text1,text2,text3,text4,text5,notes
cetora,FACTION,"Ages ago, the colony expedition Tri-Ceti was dispatched by the Domain to establish a foothold in the Cetus constellation. The few surviving data slates from before the Collapse mention the expedition barely: A handful of colonists kept in cryosleep and the systems required to sustain them. Despite the Domain’s mastery of automated gate construction, Tri-Ceti represented an experimental attempt to leave the galactic plane by other means. The expedition vanished in the Orion-Perseus Abyss and was ultimately deemed a failure. Only recently have traces of that expedition resurfaced among three factions. The origins of those factions remain obscured by centuries of conflict and corrupted records. Whatever remains of Tri-Ceti now exists only for one purpose: survival.

Only sheer willpower and the support of its AI taskmaster ensured the survival of Cetora. In an endless war against their treacherous neighbours, Cetora settled in a remote system close to the edge of the Orion-Perseus Abyss. With their ingenuity, despite a lack of personnel and material, Cetora designed infrastructure and ships with a focus on reusability and recyclability. Nothing goes to waste in Cetoran society, as nothing can be spared. This resulted not only in an efficient ship doctrine but also in a somewhat horrific treatment of their own populace, seeking to get as much use out of everything and everyone as possible.
Their creed reflects this: «Only the relentless survive.»",,,,,
cetevska,FACTION,"Ages ago, the colony expedition Tri-Ceti was dispatched by the Domain to establish a foothold in the Cetus constellation. The few surviving data slates from before the Collapse mention the expedition barely: A handful of colonists kept in cryosleep and the systems required to sustain them. Despite the Domain’s mastery of automated gate construction, Tri-Ceti represented an experimental attempt to leave the galactic plane by other means. The expedition vanished in the Orion-Perseus Abyss and was ultimately deemed a failure. Only recently have traces of that expedition resurfaced among three factions. The origins of those factions remain obscured by centuries of conflict and corrupted records. Whatever remains of Tri-Ceti now exists only for one purpose: survival.

Hardship can be overcome through the guidance of a mighty AI. Such is the way of Cetevska. To not merely survive the dangers of the Persean Sector, but to transcend them, Cetevska has mastered the manipulation of biology to suit its will. Their AI Thearch promises ascension by biogenic augmentation, a path beyond the limits of ordinary humanity. Over generations, this doctrine transformed this isolated faction on the edge of the Orion-Perseus Abyss into a society that reshapes flesh without restraint. Steel and living tissue are fused into grotesque machines, their ships grown as much as they are built. Viewing all who reject ascension and serfdom to their Thearch as lesser beings, Cetevska wages war with a fanatical zeal that rivals even the Luddic Path and the sector’s most ruthless pirates.",,,,,
cetudan,FACTION,"Ages ago, the colony expedition Tri-Ceti was dispatched by the Domain to establish a foothold in the Cetus constellation. The few surviving data slates from before the Collapse mention the expedition barely: A handful of colonists kept in cryosleep and the systems required to sustain them. Despite the Domain’s mastery of automated gate construction, Tri-Ceti represented an experimental attempt to leave the galactic plane by other means. The expedition vanished in the Orion-Perseus Abyss and was ultimately deemed a failure. Only recently have traces of that expedition resurfaced among three factions. The origins of those factions remain obscured by centuries of conflict and corrupted records. Whatever remains of Tri-Ceti now exists only for one purpose: survival.

Failure is an inevitable step toward progress. Better, however, if someone else bears the cost. Such is the philosophy of Cetudan. Ruled by an AI-directed conglomerate of corporations, with the AI CEO standing at its apex, Cetudan has cultivated immense prosperity in the far reaches of the Persean Sector. Driven by relentless innovation, AI-assisted research, and an uncompromising willingness to explore the unknown, the conglomerate remains at the forefront of technological advancement. Every failed experiment is merely another investment in future success. Yet progress comes at a price. Fiercely protective of its discoveries and suspicious of rivals, Cetudan guards its technology with ruthless efficiency. Its vast wealth supports a growing population and an equally formidable military. While the privileged command fleets and oversee corporate domains, the destitute are offered a different future: to surrender their humanity in exchange for becoming the conglomerate’s latest generation of mechanized soldiers.",,,,,
,,,,,,,
ollondesc,CUSTOM,A colossal ice giant rich in hydrogen and volatile gases. Its extensive system and numerous orbital resources have long made it the economic heart of the Soteria system.,,,,,
brigadesc,CUSTOM,"Briga is a world long since surrendered to war. Beside large craters and the ever present gray dust, the barren world is inhabitable.",,"Briga's surface is a desolate expanse of ash-gray rock and dust, broken only by endless fields of reinforced bunkers printed directly into the landscape. Once linked by underground tunnels and armored roads, many of these sprawling defensive complexes have long since collapsed beneath the weight of war and time.

Orbital bombardment scars the moon on a continental scale. Blackened craters, shattered fortresses, and the ruins of industrial facilities stand as silent reminders of a conflict long past. Overhead, the immense ice giant Ollon dominates the sky, casting its shadow across the devastated world.",,,
redadesc,CUSTOM,"Reda serves as the industrial, logistical, and administrative heart of the scattered Cetoran domains. Reda is an ever-changing labyrinth of salvaged hull sections, repurposed habitats, and improvised dockyards, expanded whenever new materials become available. Entire decks bear the markings of long-forgotten civilizations, seamlessly riveted into newer construction with little regard for aesthetics. Beneath its patchwork exterior lies one of the Persean Sector’s most efficient logistical networks.",,"The rumble of heavy machinery echoes through Reda long before your shuttle reaches its berth. Construction and repair never cease as cranes move overhead and industrial riveters pound throughout the station.

The heart of Reda is a colossal pressurized hangar where loading bays, workshops, administrative offices, and the marketplace occupy a single immense chamber. Built from salvaged hulls, mismatched armor plates, and reclaimed machinery, the station values function above all else. Amid merchants, freighters, and suspended cargo, the organized chaos seems entirely routine to its inhabitants.",,,
stationabandoneddesc,CUSTOM,An abandoned station of independent origin. Its wrecked hull still bears the marks of a siphon-station.,,"Your ship settles inside a ripped-open hangar, where a breathable atmosphere still fills the abandoned station. Despite decades of neglect, the life support systems continue to operate, leaving much of the interior remarkably well preserved.

Empty cargo containers, silent loading equipment, and vast fuel storage tanks reveal the station's original purpose: harvesting gases from Ollon's atmosphere. When the venture failed, the ships stopped coming, leaving the station to endure in quiet isolation. Perhaps it still has one final purpose left.",,,
deiwodesc,CUSTOM,"A newly founded Independent colony in the far reaches of the sector. After Cetora entered the stage and showed cooperative tendencies toward the Independent, some unaffiliated settlers decided to use the opportunity to connect a reclusive faction to the rest of the sector.",,"Touching down on Deiwo is no issue, not even for your usual ship. The low gravity allows for a graceful maneuver and brings you right in front of a small settlement with an unreasonably large landing pad and loading area. Scattered around the settlement are a plethora of different people, from Cetoran riveters to spacers and even docile-looking privateers only visible by their characteristic red painted space suits with skull insignias.",,,
,,,,,,,
porosdesc,CUSTOM,"A pristine white star illuminates the Poros system, casting its light upon a carefully ordered collection of worlds.",,,,,
onpodesc,CUSTOM,"A colossal ice giant rich in hydrogen and volatile gases. Automated harvesting platforms continuously descent into its upper atmosphere, supplying the industrial demands of the Poros system.",,"Your ship passes through Onpo's shielded hangar before entering a calm, climate-controlled interior. Beyond thick reinforced windows, endless pale-blue clouds conceal the hostile atmosphere surrounding the platform.

The station operates almost entirely through autonomous machinery. Drones tend compressors, storage tanks, and processing equipment while only a handful of engineers oversee the extraction of volatile gases. Apart from the distant rumble of machinery beneath your feet, the vast industrial complex is eerily quiet.",,,
kamadesc,CUSTOM,"The political, technological, and cultural heart of the Cetudan. Towering arcologies of glass and steel rise above snow-covered plains, their neon-lit skylines connected by elevated transit networks visible even in space.",,"As your ship enters Kama's immense dome, the frozen landscape gives way to a bright sky above towering arcologies of steel and glass. Before you can request docking clearance, your assigned landing bay is confirmed through your TriPad as autonomous traffic flows effortlessly overhead.

Beyond the spaceport, travelers, service drones, and robotic couriers move through pristine commercial districts filled with holographic displays and automated kiosks. Looking upward, bridges and towering structures fade into the distance, giving Kama the impression of a city without end.",,,
,,,,,,,
zemladesc,CUSTOM,"A frozen planet wandering the darkness in the Abyss. Devoid of sunlight, its icy surface is illuminated only by faint starlight.",,,,,
mesikdesc,CUSTOM,"The sole moon of Zemla, as barren as the planet it orbits.",,"Your ship descends through the eternal darkness surrounding Mesikin, guided almost entirely by instruments. The barren moon appears almost featureless until navigation systems identify a circular opening cut deep into the crust. Descending through the immense shaft, the stars gradually disappear as reinforced bulkheads and docking structures enclose your vessel. Moments later, the hangar is sealed behind you and the chamber slowly fills with a breathable atmosphere. ",,,
utrobadesc,CUSTOM,"The industrial cradle of the Cetevska and birthplace of their biomechanical fleets. Massive foundries, genetic fabrication chambers, and shipyards merge steel with living tissue, producing vessels unlike any found elsewhere in the Persean Sector.",,"As your ship docks within Utroba, you step into a cavernous hall where printed architecture blurs the line between machine and organism. Walls twist into flowing forms, distorted faces emerge from support columns, and unfinished statues loom over the station's central concourse.

Warm biological fluids pulse through thick conduits beside conventional piping as merchants trade in alcoves carved directly into the immense structure. Workers move calmly among biomechanical service constructs, seemingly oblivious to the station's deeply unsettling surroundings. Before long, you find yourself doing the same.",,,
oldstationdesc,CUSTOM,"A long-abandoned research station orbiting Mesik. Once operated jointly by Tri-Tachyon and the Independents to study the Orion-Perseus Abyss, the station continues to emit a faint but persistent sensor signal despite its apparent abandonment. ",,"A faint sensor beacon guides your ship to the abandoned station. Despite decades of neglect, automated docking systems, emergency lighting, and life support remain fully operational, preserving the facility in remarkable condition.

Deserted laboratories and sealed archives testify to years of research into the Orion-Perseus Abyss. Whatever the researchers discovered has vanished, but the station's persistent signal suggests it was never truly abandoned.",,,
,,,,,,,
feroniadesc,CUSTOM,This Arid world in the Pistis system was once deemed a potential colony target during early Domain settlement endeavors. Better options further away from the Abyss eventually led to Feronia being forgotten.,,"Feronia is an unlikely patchwork of dusty plains and sparse greenery. During your descent, a handful of simple settlements come into view, each surrounded by oversized landing pads and sprawling cargo yards.

The settlement closest to you is modest and utilitarian, making it clear that whatever life Feronia supports, commerce remains the reason most people are here.
",,,
,,,,,,,
triceti_biformis,SHIP,"An export frigate derived from an early Bagaudas prototype, now found in Independent fleets.

Several Cetoran prototype hulls were traded with the Independents in exchange for vital supplies and logistical support. Stripped of the Advanced Sensor Suite and simplified for ease of maintenance, the Biformis features fewer weapon mounts and engines than its military successor. Open bow sections provide convenient access for cargo transfer and docking operations.

Though obsolete by Cetoran standards, the design remains a dependable workforce in the hands of resourceful captains.",,,,,
,,,,,,,
triceti_wulfaz,SHIP,"A fast escort frigate inspired by early encounters with the independent Wolf-class.

Impressed by the remarkable firepower packed into such a compact hull, Cetoran engineers developed the Wulfaz as their own interpretation of the design. While echoing the Wolf’s speed and versatility, the Wulfaz incorporates Cetoran sensor suites and their plating, allowing it to integrate seamlessly into Cetoran fleets without disrupting logistics or maintenance doctrine.",,,,,
triceti_bagaudas,SHIP,"A versatile frigate that forms the backbone of the Cetoran fleet.

Rather than pursuing specialization, Cetoran engineers designed the Bagaudas as a dependable warship capable of fulfilling a wide range of combat roles. Though it lacks exceptional defenses, the Bagaudas embodies the Cetoran belief that reliability, maintainability, and concentrated firepower are the foundations of a successful fleet.",,,,,
triceti_bekos,SHIP,"A utility frigate serving as the logistical backbone of Cetoran fleets.

Designed around transport and recovery operations, the Bekos combines a modest cargo capacity with facilities for deploying and maintaining Dusios logistics drones. A salvage gantry allows valuable materials to be recovere directly from the battlefield.

Lightly armed and seldom committed to frontline combat, the Bekos instead earns its reputation by keeping entire fleets supplied, repaired, and ready for the next battle.",,,,,
triceti_lugus,SHIP,"A lightly armed automated destroyer built to disrupt enemy formations.

The Lugus is one of the few fully autonomous warships fielded by Cetora, second only to its ubiquitous Dusios drone. Sacrificing conventional armament in favor of a dense frontal battery of Mitra launchers, the vessel relies on overwhelming missile salves and a dedicated electronic warfare package to degrade enemy targeting systems. Large sensor arrays mounted aft provide battlefield awareness in place of the standard Cetoran sensor suite. The absence of a crew, due to the ship being a prime target for enemies, allows the Lugus to undertake high-risk operations that would be unacceptable for a manned vessel.",,,,,
triceti_sirom,SHIP,"A specialized logistics destroyer built to coordinate large-scale battlefield recovery operations.

Developed from the proven Bekos design, the Sirom replaces much of its cargo capacity with expanded facilities for deploying and servicing Dusios logistics drones. Improved armamaent and a more resilient hull allow it to operate closer to the front line, where its enlarged drone complement can sustain nearby Cetoran warships.

Complex to construct and of limited strategic value outside logistics-heavy task forces, the Sirom is a rarity.",,,,,
triceti_nertos,SHIP,"A compact broadside cruiser designed to deliver overwhelming lateral firepower.

Rejecting the traditional bow-on combat doctrine favored by most fleets, the Nertos concentrates the vast majority of its weaponry along its flanks. Powerful forward-facing maneuvering engines allow the cruiser to rapidly decelerate, pivot, and maintain optimal firing angles. The Nertos is inexpensive to produce and commonly fielded in numbers.",,,,,
triceti_camulus,SHIP,"A long battlecruiser that serves as the flagship of Cetora.

Though modest in size by capital ship standards, the Camulus embodies every aspect of Cetoran doctrine. Its hull is densely packe with weapons, allowing it to proect formidable firepower across nearly every firing arc, while integrated Mitra launchers provide constant missile support. Powerful forward- and lateral-facing maneuvering engines enable the battlecruiser to decelerate and reposition with remarkable agility.

Lacking the heavy armor of larger capital ships, the Camulus instead relies on Rivited Plating, superior maneuverability, and relentless offensive pressure to dominate the battlefield.",,,,,
triceti_dusios,SHIP,"An autonomous logistics drone that embodies the Cetoran philosophy of battlefield sustainment.

Equipped with the specialized Cetoran Beam, the Dusios harvests structural material directly from enemy hulls and battlefield debris before processing it into repair stock for nearby allied vessels. Though lightly armed and vulnerable when isolated, the drone’s ability to sustain fleets through continuous recovery operations has become a cornerstone fo Cetoran doctrine.

Wherever Dusios drones are present, damaged warships rarely remain damaged for long.",,,,,
,,,,,,,
triceti_ezyk,SHIP,"Recovered combat footage identifies the Ezyk as a destroyer-sized logistical vessel routinely accompanying Cetevska formations. Despite its apparent transport role, the class carries armament comparable to dedicated combat ships of similar displacement and should not be considered a non-combatant.

The hull incorporates several externally mounted Ichorene reservoirs, the function of which remains unknown. As with all documented Cetevska vessels, regenerative Fibrosteel armor and extensive Myosynth structures significantly reduce crew requirements. Dedicated launch facilities for Robe support drones indicate that autonomous escorts form an integral component of the vessel's defensive capability.",,,,,
triceti_gvezda,SHIP,"The Gvezda is an uncommon destroyer encountered only in limited numbers. Unlike most documented Cetevska vessels, it demonstrates exceptional maneuverability while retaining the characteristic regenerative hull observed throughout the fleet.

The scarcity of sighted examples suggests the class may be difficult to manufacture or maintain. Analysts speculate that the vessel's increased performance pushes the practical limits of Cetevska biomechanical construction, explaining its apparent rarity despite its favorable combat characteristics.",,,,,
triceti_rog,SHIP,"The Rog is the most frequently encountered frontline combat vessel within Cetevska fleets. Analysis of recovered engagements indicates a doctrine centered on concentrated forward firepower, with the majority of its armament mounted along the vessel's bow.",,,,,
triceti_etro,SHIP,"The Etro is a cruiser whose size and mass exceed what is typically expected of its classification. Combat records consistently identify it as one of the principal offensive elements of Cetevska fleet formations, with firepower rivaling that of considerably larger warships.

Despite its immense displacement, the vessel exhibits the regenerative Fibrosteel armor and extensive Myosynth integration common to all documented Cetevska designs. Captains are advised to avoid prolonged engagements, as damage sustained by the class has been observed to recover rapidly when left unchecked.",,,,,
triceti_koren,SHIP,"The Koren is a cruiser-sized logistical vessel regularly observed operating alongside Cetevska battle groups. Despite its apparent transport role, the class carries armament more typical of destroyer-class warships and has repeatedly been documented participating directly in frontline engagements.

External Ichorene reservoirs, similar to those found aboard the Ezyk, Etro, and Mati classes, suggest a common biological support system whose exact purpose remains undetermined.",,,,,
triceti_mati,SHIP,"Intercepted Cetevska communications consistently refer to this class as the ""Mother."" The Mati serves as the centerpiece of major Cetevska fleet formations and exceeds the size of most capital ships currently fielded throughout the Persean Sector.

Its regenerative Fibrosteel hull, extensive Myosynth integration, and formidable weaponry make the vessel exceptionally difficult to neutralize. Integrated launch facilities deploy elite Sadlo gunships, allowing the class to project substantial force independently. Captains are advised to regard the appearance of a Mati as a major escalation in combat capability.",,,,,
triceti_robe,SHIP,"The Robe is a compact autonomous support drone observed exclusively operating from Ezyk-class combat freighters. Its small size and simple construction appear to allow rapid replacement, with multiple units commonly fielded during extended engagements.

Although lightly armed, the drone is consistently employed in a defensive role, screening its host vessel and intercepting incoming threats. No independent Robe launch platforms have been documented to date.",,,,,
triceti_sadlo,SHIP,"The Sadlo is a heavily armed autonomous gunship deployed exclusively from Mati-class motherships. Despite its size, recovered combat recordings show the craft engaging vessels far larger than itself with considerable effectiveness.

Its exclusive association with the Mati suggests it was designed specifically to extend the mothership's offensive reach beyond the capabilities of its primary weapon systems.",,,,,
,,,,,,,
triceti_swaitas,SHIP,"The Swaitas is a unique prototype derived from the Gvezda-class destroyer. While retaining the exceptional mobility characteristic of the original design, the vessel abandons its predecessor's balanced armament in favor of a smaller number of significantly heavier weapon mounts.

Recovered telemetry suggests the modifications pushed Cetevska biomechanical construction well beyond its usual limits. No additional examples have been documented, leading analysts to conclude that the design never entered serial production. Whether the project was abandoned due to manufacturing constraints or intended solely as a technology demonstrator remains unknown.",,,,,
,,,,,,,
triceti_kumo,SHIP,"The Kumo is a compact autonomous frigate encountered in large numbers throughout Cetudan fleets. Individually, the class presents only a limited threat, but coordinated swarm tactics allow groups of Kumo drones to overwhelm isolated targets and screen larger vessels effectively.

Recovered wreckage indicates extensive power distribution systems supporting the vessel's shield network, while the absence of life-support infrastructure confirms the class was designed for fully autonomous operation from the outset.",,,,,
triceti_hongik,SHIP,"The Hongik is a rare crewed frigate representing a notable departure from Cetudan reliance on autonomous warships. Despite mounting only two medium weapon hardpoints, the class has earned a reputation for exceptional combat effectiveness.

Analysis attributes its performance to an unusually powerful reactor, an oversized power distribution network, and outstanding maneuverability. Captains are advised not to underestimate the vessel based on its size or armament, as recovered combat data consistently identifies the Hongik as a high-priority threat.",,,,,
triceti_mir,SHIP,"The Mir is a destroyer-sized civilian freighter commonly employed throughout Cetudan-controlled space. While equipped with the same advanced shield and power distribution technologies observed on military designs, the class carries only minimal armament and has rarely been documented participating in frontline combat.

Its defensive resilience and autonomous operation make the vessel well suited to long-range logistical duties, though recovered engagements suggest its primary response to hostile contact is evasion rather than direct engagement.",,,,,
triceti_qinglong,SHIP,"The Qinglong is a rare crewed light carrier distinguished by its emphasis on rapid fighter deployment rather than sustained fleet support. The class carries only a single fighter wing, yet recovered combat recordings show its strike craft reaching the battlefield with exceptional speed.

Like other Cetudan vessels, the Qinglong employs an advanced shield architecture and high-capacity power distribution systems.",,,,,
triceti_genbu,SHIP,"The Genbu is the most commonly encountered destroyer within Cetudan fleets. Fully autonomous in operation, the class favors numerous small-caliber weapon mounts over heavier armament, relying on mobility and sustained fire to overwhelm opposing vessels.

Its combination of speed, resilience, and autonomous operation makes it the backbone of most observed Cetudan fleet formations.",,,,,
triceti_ryugu,SHIP,"The Ryugu is an autonomous light carrier approaching cruiser dimensions. Despite carrying only minimal direct armament, the class routinely deploys two fighter wings while maintaining the high speed characteristic of Cetudan warships.

Recovered combat footage indicates the vessel relies on mobility and strike craft rather than ship-mounted weaponry. The combination of advanced shield systems, autonomous operation, and rapid fighter deployment makes the Ryugu a dangerous force multiplier despite its limited offensive battery.",,,,,
triceti_cheondo,SHIP,"The autonomous Cheondo is the only  capital ship identified in Cetudan service and exceeds the size of most fleet carriers currently fielded throughout the Persean Sector. Recovered combat footage consistently shows the class operating as the centerpiece of major Cetudan fleet formations.

Capable of deploying up to five fighter wings while retaining formidable ship-mounted armament and exceptional mobility, the Cheondo presents an unusually complex threat profile. Intelligence assessments identify its ability to sustain continuous strike craft operations without human intervention as the vessel's defining characteristic, allowing it to overwhelm even well-prepared defensive formations through relentless operational tempo.",,,,,
triceti_mita,SHIP,"The autonomous Mita is the most common strike craft employed by Cetudan fleets. Recovered engagements show the drone being fielded in overwhelming numbers, favoring mass deployment over individual size or firepower.

Despite its modest dimensions, the Mita consistently outperforms comparable fighter craft in direct engagements. Speculations attribute this to the advanced power distribution and shielding technologies common to all documented Cetudan military designs, making even individual Mita drones a credible threat to hostile strike craft.",,,,,
triceti_saya,SHIP,"The Saya is a crewed bomber carrying a single pilot and operating in pairs. Recovered combat recordings show the craft relying on exceptional speed to deliver a heavy ordnance payload before rapidly disengaging from hostile formations.

Although lightly protected, the Saya's mobility and striking power make it a significant threat to larger warships. Captains are advised to prioritize interception before the craft reaches weapon release range.",,,,,
triceti_tanpakuseki,SHIP,"The Tanpakuseki is a heavily armed crewed gunship regarded as one of the most capable strike craft in Cetudan service. Unlike the faction's numerous autonomous drones, the class relies on a human pilot to fully exploit its exceptional combat performance.

Equipped with an unusually resilient shield system and substantial forward firepower, the Tanpakuseki has repeatedly been observed engaging both hostile fighters and frigate-class vessels with equal effectiveness. Intelligence assessments consider it the benchmark against which all other documented Cetudan strike craft are measured.",,,,,
,,,,,,,
,,,,,,,
triceti_cetoran_beam,WEAPON,"A specialized support beam found exclusively aboard Cetoran logistics drones.

The Cetoran Beam is unlike conventional weapons. Rather than serving as primary armament, it is designed to recover structural material from enemy hulls. As the beam strips away fragments of armor and wreckage, the collected material is drawn back to the drone and repurposed for rapid battlefield repairs. Combined with Cetoran ships’ modular Riveted Plating, even minor amounts of salvaged material can be redistributed across the fleet.",,,,,
triceti_mitra,WEAPON,"A compact swarm missile launcher integrated into the Lugus and the Camulus.

Designed to overwhelm small craft through sheer volume of fire, the Mitra launches inexpensive warheads in rapid succession. Individually, its missiles pose little threat, but concentrated salvos can quickly saturate enemy point defenses.",,,,,
